"miRNA","target"
"hsa-miR-10b-5p","ZNF367"
"hsa-miR-10b-5p","NR4A3"
"hsa-miR-10b-5p","CHD6"
"hsa-miR-10b-5p","FIGN"
"hsa-miR-10b-5p","CYTH1"
"hsa-miR-10b-5p","ZMYND11"
"hsa-miR-10b-5p","TMEM183A"
"hsa-miR-10b-5p","LHFPL4"
"hsa-miR-10b-5p","NR2C2"
"hsa-miR-10b-5p","TRIM66"
"hsa-miR-10b-5p","CRLF3"
"hsa-miR-1180-3p","NRN1"
"hsa-miR-1180-3p","OTUD7B"
"hsa-miR-1180-3p","RPS19BP1"
"hsa-miR-1180-3p","AKR1C2"
"hsa-miR-1180-3p","UTP15"
"hsa-miR-1180-3p","PRIMA1"
"hsa-miR-1180-3p","CPD"
"hsa-miR-1180-3p","MKNK2"
"hsa-miR-122-5p","SLC13A5"
"hsa-miR-122-5p","TFDP2"
"hsa-miR-122-5p","NDRG3"
"hsa-miR-122-5p","MASP1"
"hsa-miR-122-5p","ST6GALNAC4"
"hsa-miR-122-5p","GPR107"
"hsa-miR-122-5p","CLIC1"
"hsa-miR-122-5p","TBR1"
"hsa-miR-122-5p","C18orf32"
"hsa-miR-122-5p","NPEPPS"
"hsa-miR-122-5p","SLC25A34"
"hsa-miR-122-5p","CPEB1"
"hsa-miR-122-5p","IL1RN"
"hsa-miR-122-5p","PEG10"
"hsa-miR-122-5p","PAK3"
"hsa-miR-122-5p","CCDC6"
"hsa-miR-122-5p","RBP5"
"hsa-miR-122-5p","SMARCD1"
"hsa-miR-122-5p","OCLN"
"hsa-miR-122-5p","LAMC1"
"hsa-miR-122-5p","PLAG1"
"hsa-miR-122-5p","RBM47"
"hsa-miR-122-5p","BACH2"
"hsa-miR-122-5p","FOXO3"
"hsa-miR-122-5p","CLIC4"
"hsa-miR-122-5p","AGO1"
"hsa-miR-122-5p","RIMKLA"
"hsa-miR-122-5p","CCNG1"
"hsa-miR-122-5p","SOX6"
"hsa-miR-122-5p","RIMS1"
"hsa-miR-1226-3p","DHRS12"
"hsa-miR-1226-3p","ZNF736"
"hsa-miR-1226-3p","YBX1"
"hsa-miR-1226-3p","NR2C2"
"hsa-miR-1226-3p","CRTAP"
"hsa-miR-1226-3p","AP3S2"
"hsa-miR-1226-3p","LETM2"
"hsa-miR-1226-3p","KCNJ12"
"hsa-miR-1226-3p","AGK"
"hsa-miR-1226-3p","PTCH1"
"hsa-miR-1226-3p","RNF20"
"hsa-miR-1226-3p","HM13"
"hsa-miR-1226-3p","UBXN7"
"hsa-miR-1226-3p","ARPC5L"
"hsa-miR-1226-3p","ZCCHC2"
"hsa-miR-1226-3p","SOCS7"
"hsa-miR-1226-3p","MEOX1"
"hsa-miR-1226-3p","UBE2J2"
"hsa-miR-1226-3p","SZRD1"
"hsa-miR-1226-3p","CDC42"
"hsa-miR-1226-3p","ZBTB40"
"hsa-miR-1226-3p","NOM1"
"hsa-miR-1226-3p","UBE3C"
"hsa-miR-1226-3p","KIF13B"
"hsa-miR-1226-3p","PIAS1"
"hsa-miR-1226-3p","ABCG4"
"hsa-miR-1226-3p","KCNB1"
"hsa-miR-1226-3p","ADNP"
"hsa-miR-1226-3p","INPP4A"
"hsa-miR-1226-3p","MAP4K4"
"hsa-miR-1226-3p","SLC6A17"
"hsa-miR-1226-3p","SUFU"
"hsa-miR-1226-3p","SLK"
"hsa-miR-1226-3p","XPO4"
"hsa-miR-1226-3p","DCLK1"
"hsa-miR-1226-3p","CNIH3"
"hsa-miR-1226-3p","ATXN1L"
"hsa-miR-1226-3p","HOXC10"
"hsa-miR-1226-3p","ZBTB39"
"hsa-miR-1226-3p","MIPOL1"
"hsa-miR-1226-3p","LMTK2"
"hsa-miR-1226-3p","NME9"
"hsa-miR-1226-3p","RAP2B"
"hsa-miR-1226-3p","DCX"
"hsa-miR-1226-3p","MECP2"
"hsa-miR-1226-3p","POLR2F"
"hsa-miR-1226-3p","SYNGR1"
"hsa-miR-1226-3p","MCAT"
"hsa-miR-1226-3p","TBC1D22A"
"hsa-miR-1226-3p","BNC2"
"hsa-miR-1226-3p","B4GALT1"
"hsa-miR-1226-3p","KCNN3"
"hsa-miR-1226-3p","RPL28"
"hsa-miR-1226-3p","SHISA7"
"hsa-miR-1226-3p","MICAL3"
"hsa-miR-1226-3p","ZNRF3"
"hsa-miR-1226-3p","AKR1C2"
"hsa-miR-1226-3p","NET1"
"hsa-miR-1226-3p","ARID5B"
"hsa-miR-1226-3p","NFIA"
"hsa-miR-1226-3p","ALG10B"
"hsa-miR-1226-3p","SEMA5A"
"hsa-miR-1226-3p","PLCXD3"
"hsa-miR-1226-3p","HCN1"
"hsa-miR-1226-3p","SNX18"
"hsa-miR-1226-3p","JMY"
"hsa-miR-1226-3p","GPR161"
"hsa-miR-1226-3p","ATP1B1"
"hsa-miR-1226-3p","CD55"
"hsa-miR-1226-3p","MAFK"
"hsa-miR-1226-3p","MMD2"
"hsa-miR-1226-3p","HOXA3"
"hsa-miR-1226-3p","PLEKHA8"
"hsa-miR-1226-3p","RAB15"
"hsa-miR-1226-3p","PSEN1"
"hsa-miR-1226-3p","ITPK1"
"hsa-miR-1226-3p","CCDC85C"
"hsa-miR-1226-3p","CACNA2D2"
"hsa-miR-1226-3p","REST"
"hsa-miR-1226-3p","CDKL2"
"hsa-miR-1226-3p","IYD"
"hsa-miR-1226-3p","ESR1"
"hsa-miR-1226-3p","AGO1"
"hsa-miR-1226-3p","HPCAL4"
"hsa-miR-1226-3p","TMTC3"
"hsa-miR-1226-3p","CHST11"
"hsa-miR-1226-3p","ATP2A2"
"hsa-miR-1226-3p","RAB35"
"hsa-miR-1226-3p","EFR3B"
"hsa-miR-1226-3p","CUX1"
"hsa-miR-1226-3p","LSMEM1"
"hsa-miR-1226-3p","FAM71F2"
"hsa-miR-1226-3p","NWD1"
"hsa-miR-1226-3p","MAU2"
"hsa-miR-1226-3p","ZNF850"
"hsa-miR-1226-3p","KAT5"
"hsa-miR-1226-3p","RNASEH2C"
"hsa-miR-1226-3p","NAA15"
"hsa-miR-1226-3p","ARHGAP26"
"hsa-miR-1226-3p","TBC1D9B"
"hsa-miR-1226-3p","RNF130"
"hsa-miR-1226-3p","TUB"
"hsa-miR-1226-3p","PHF21A"
"hsa-miR-1226-3p","PTPMT1"
"hsa-miR-1226-3p","TNFAIP8"
"hsa-miR-1226-3p","PCDHGC3"
"hsa-miR-1226-3p","CHD2"
"hsa-miR-1226-3p","RAB11FIP3"
"hsa-miR-1226-3p","ZNF500"
"hsa-miR-1226-3p","TVP23A"
"hsa-miR-1226-3p","KBTBD8"
"hsa-miR-1226-3p","NAA50"
"hsa-miR-1226-3p","COPG1"
"hsa-miR-1226-3p","ZMIZ1"
"hsa-miR-1226-3p","LCOR"
"hsa-miR-1226-3p","SLC13A5"
"hsa-miR-1226-3p","MPRIP"
"hsa-miR-1226-3p","RAD51D"
"hsa-miR-1226-3p","ELAVL3"
"hsa-miR-1226-3p","MDGA1"
"hsa-miR-1226-3p","ZFAND3"
"hsa-miR-1226-3p","RCAN2"
"hsa-miR-125b-5p","LIFR"
"hsa-miR-125b-5p","ANKRD13B"
"hsa-miR-125b-5p","FRMD5"
"hsa-miR-125b-5p","TBC1D1"
"hsa-miR-125b-5p","OLFML2A"
"hsa-miR-125b-5p","ZBTB34"
"hsa-miR-125b-5p","ST6GALNAC6"
"hsa-miR-125b-5p","FAM78A"
"hsa-miR-125b-5p","C6orf47"
"hsa-miR-125b-5p","ASXL3"
"hsa-miR-125b-5p","BCL2"
"hsa-miR-125b-5p","PPP2R5C"
"hsa-miR-125b-5p","KCNH4"
"hsa-miR-125b-5p","SZRD1"
"hsa-miR-125b-5p","E2F2"
"hsa-miR-125b-5p","ARID3B"
"hsa-miR-125b-5p","ALPK3"
"hsa-miR-125b-5p","DDX42"
"hsa-miR-125b-5p","TBC1D16"
"hsa-miR-125b-5p","SUV39H1"
"hsa-miR-125b-5p","SCN4B"
"hsa-miR-125b-5p","USP2"
"hsa-miR-125b-5p","DRAM2"
"hsa-miR-125b-5p","CDC42SE1"
"hsa-miR-125b-5p","RFX5"
"hsa-miR-125b-5p","SERTAD3"
"hsa-miR-125b-5p","C19orf54"
"hsa-miR-125b-5p","BCL2L2"
"hsa-miR-125b-5p","SMURF1"
"hsa-miR-125b-5p","FNDC3B"
"hsa-miR-125b-5p","DVL3"
"hsa-miR-125b-5p","AGO2"
"hsa-miR-125b-5p","RFX3"
"hsa-miR-125b-5p","UBE2R2"
"hsa-miR-125b-5p","RIT1"
"hsa-miR-125b-5p","RASGEF1A"
"hsa-miR-125b-5p","ELAVL4"
"hsa-miR-125b-5p","PRKAA2"
"hsa-miR-125b-5p","GDNF"
"hsa-miR-125b-5p","STX6"
"hsa-miR-125b-5p","PPP1R12B"
"hsa-miR-125b-5p","PLEKHA8"
"hsa-miR-125b-5p","ZFYVE1"
"hsa-miR-125b-5p","KCNK10"
"hsa-miR-125b-5p","DOCK3"
"hsa-miR-125b-5p","ATP10D"
"hsa-miR-125b-5p","RPS6KA1"
"hsa-miR-125b-5p","PPT1"
"hsa-miR-125b-5p","RIMKLA"
"hsa-miR-125b-5p","DPH2"
"hsa-miR-125b-5p","SH2B3"
"hsa-miR-125b-5p","NRXN1"
"hsa-miR-125b-5p","ZSWIM4"
"hsa-miR-125b-5p","ZFP62"
"hsa-miR-125b-5p","NUP210"
"hsa-miR-125b-5p","UBN1"
"hsa-miR-125b-5p","TYSND1"
"hsa-miR-125b-5p","SARM1"
"hsa-miR-125b-5p","ARID3A"
"hsa-miR-125b-5p","ZBTB7A"
"hsa-miR-125b-5p","BAK1"
"hsa-miR-1301-3p","ZNF81"
"hsa-miR-1301-3p","CCDC141"
"hsa-miR-1301-3p","TCF19"
"hsa-miR-1301-3p","UBXN4"
"hsa-miR-1301-3p","OSBPL6"
"hsa-miR-1301-3p","CHIC1"
"hsa-miR-1301-3p","SLC45A4"
"hsa-miR-1301-3p","NFIB"
"hsa-miR-1301-3p","RAD1"
"hsa-miR-1301-3p","C4orf33"
"hsa-miR-1301-3p","SNX2"
"hsa-miR-1301-3p","PLEKHA7"
"hsa-miR-1301-3p","RNF38"
"hsa-miR-1301-3p","MSANTD3"
"hsa-miR-1301-3p","FKTN"
"hsa-miR-1301-3p","PSMF1"
"hsa-miR-1301-3p","SIRPB2"
"hsa-miR-1301-3p","DNMT3B"
"hsa-miR-1301-3p","PHF20"
"hsa-miR-1301-3p","RELL1"
"hsa-miR-1301-3p","PHF19"
"hsa-miR-1301-3p","RAD9A"
"hsa-miR-1301-3p","OGFOD3"
"hsa-miR-1301-3p","DCC"
"hsa-miR-1301-3p","NOL9"
"hsa-miR-1301-3p","PHF13"
"hsa-miR-1301-3p","PRDM2"
"hsa-miR-1301-3p","NBL1"
"hsa-miR-1301-3p","HMBOX1"
"hsa-miR-1301-3p","FAM219B"
"hsa-miR-1301-3p","RPS6KB1"
"hsa-miR-1301-3p","TEX2"
"hsa-miR-1301-3p","FDXR"
"hsa-miR-1301-3p","USP36"
"hsa-miR-1301-3p","KMT2A"
"hsa-miR-1301-3p","NTM"
"hsa-miR-1301-3p","B3GAT1"
"hsa-miR-1301-3p","GDE1"
"hsa-miR-1301-3p","SPN"
"hsa-miR-1301-3p","PHACTR3"
"hsa-miR-1301-3p","SNX27"
"hsa-miR-1301-3p","KPNA3"
"hsa-miR-1301-3p","KLF12"
"hsa-miR-1301-3p","HS6ST3"
"hsa-miR-1301-3p","SYT14"
"hsa-miR-1301-3p","RCOR3"
"hsa-miR-1301-3p","TPO"
"hsa-miR-1301-3p","RSAD2"
"hsa-miR-1301-3p","RANBP10"
"hsa-miR-1301-3p","ATXN1L"
"hsa-miR-1301-3p","SCN8A"
"hsa-miR-1301-3p","USP15"
"hsa-miR-1301-3p","NUBPL"
"hsa-miR-1301-3p","CDK6"
"hsa-miR-1301-3p","TRIM4"
"hsa-miR-1301-3p","SKIL"
"hsa-miR-1301-3p","TBL1XR1"
"hsa-miR-1301-3p","ZDHHC9"
"hsa-miR-1301-3p","MECP2"
"hsa-miR-1301-3p","SPRY3"
"hsa-miR-1301-3p","NPTXR"
"hsa-miR-1301-3p","POLR3H"
"hsa-miR-1301-3p","TTLL12"
"hsa-miR-1301-3p","NOL6"
"hsa-miR-1301-3p","SYT11"
"hsa-miR-1301-3p","CD84"
"hsa-miR-1301-3p","RGS4"
"hsa-miR-1301-3p","ABCG1"
"hsa-miR-1301-3p","CARD10"
"hsa-miR-1301-3p","ZMYND11"
"hsa-miR-1301-3p","WAC"
"hsa-miR-1301-3p","NEGR1"
"hsa-miR-1301-3p","MTF2"
"hsa-miR-1301-3p","CDKN1B"
"hsa-miR-1301-3p","YAF2"
"hsa-miR-1301-3p","CCDC152"
"hsa-miR-1301-3p","PDE4D"
"hsa-miR-1301-3p","PIK3R1"
"hsa-miR-1301-3p","KIAA0040"
"hsa-miR-1301-3p","KIF21B"
"hsa-miR-1301-3p","ADAM21"
"hsa-miR-1301-3p","UBR7"
"hsa-miR-1301-3p","PLAG1"
"hsa-miR-1301-3p","APBB2"
"hsa-miR-1301-3p","ATP8A1"
"hsa-miR-1301-3p","HOPX"
"hsa-miR-1301-3p","SULT1E1"
"hsa-miR-1301-3p","MAPK10"
"hsa-miR-1301-3p","FUT9"
"hsa-miR-1301-3p","HBS1L"
"hsa-miR-1301-3p","EYA3"
"hsa-miR-1301-3p","FNDC5"
"hsa-miR-1301-3p","TRIAP1"
"hsa-miR-1301-3p","PLXNA4"
"hsa-miR-1301-3p","ZNF346"
"hsa-miR-1301-3p","GRM7"
"hsa-miR-1301-3p","ACVR2B"
"hsa-miR-1301-3p","PARVA"
"hsa-miR-1301-3p","SRP19"
"hsa-miR-1301-3p","CSNK1G3"
"hsa-miR-1301-3p","LUC7L"
"hsa-miR-1301-3p","NAA60"
"hsa-miR-1301-3p","RNLS"
"hsa-miR-1301-3p","IDE"
"hsa-miR-1301-3p","CEP55"
"hsa-miR-1301-3p","FRAT1"
"hsa-miR-1301-3p","BTRC"
"hsa-miR-1301-3p","RNF222"
"hsa-miR-1301-3p","BLMH"
"hsa-miR-191-3p","ADORA2A"
"hsa-miR-191-3p","TSN"
"hsa-miR-191-3p","MPP7"
"hsa-miR-196a-5p","ZDHHC21"
"hsa-miR-196a-5p","AQP4"
"hsa-miR-196a-5p","SPRED1"
"hsa-miR-196a-5p","CCDC47"
"hsa-miR-196a-5p","FAM104A"
"hsa-miR-196a-5p","KDM5A"
"hsa-miR-196a-5p","SORCS1"
"hsa-miR-196a-5p","HOXC8"
"hsa-miR-196a-5p","USP15"
"hsa-miR-196a-5p","RASSF3"
"hsa-miR-196a-5p","PRICKLE1"
"hsa-miR-196a-5p","IGF2BP3"
"hsa-miR-196a-5p","RGS6"
"hsa-miR-196a-5p","SFMBT1"
"hsa-miR-196a-5p","NRXN1"
"hsa-miR-196a-5p","AAK1"
"hsa-miR-196a-5p","ARHGEF38"
"hsa-miR-2110","HNF4A"
"hsa-miR-2110","APOL4"
"hsa-miR-2110","SV2C"
"hsa-miR-2110","ROBO2"
"hsa-miR-2110","ZNF519"
"hsa-miR-2110","S1PR3"
"hsa-miR-2110","PTBP3"
"hsa-miR-2110","ZNF618"
"hsa-miR-2110","PSMF1"
"hsa-miR-2110","LZTS3"
"hsa-miR-2110","BTBD3"
"hsa-miR-2110","PAX1"
"hsa-miR-2110","TM9SF4"
"hsa-miR-2110","WFDC12"
"hsa-miR-2110","CD38"
"hsa-miR-2110","RBPJ"
"hsa-miR-2110","AIF1L"
"hsa-miR-2110","TRIM38"
"hsa-miR-2110","HLA-G"
"hsa-miR-2110","RNF39"
"hsa-miR-2110","UGGT1"
"hsa-miR-2110","ARHGEF4"
"hsa-miR-2110","SLC4A10"
"hsa-miR-2110","CYBRD1"
"hsa-miR-2110","CLCF1"
"hsa-miR-2110","USP14"
"hsa-miR-2110","CCDC178"
"hsa-miR-2110","PSTPIP2"
"hsa-miR-2110","ARPP19"
"hsa-miR-2110","PIP4K2B"
"hsa-miR-2110","IKZF3"
"hsa-miR-2110","NMT1"
"hsa-miR-2110","LUZP1"
"hsa-miR-2110","E2F2"
"hsa-miR-2110","CCDC25"
"hsa-miR-2110","PYGO1"
"hsa-miR-2110","AMER1"
"hsa-miR-2110","HDAC8"
"hsa-miR-2110","GRAMD1B"
"hsa-miR-2110","ERC1"
"hsa-miR-2110","ENO2"
"hsa-miR-2110","IQCK"
"hsa-miR-2110","N4BP1"
"hsa-miR-2110","NKD1"
"hsa-miR-2110","MMP2"
"hsa-miR-2110","SLC38A7"
"hsa-miR-2110","ZNF831"
"hsa-miR-2110","PAIP2B"
"hsa-miR-2110","FBXO41"
"hsa-miR-2110","TET3"
"hsa-miR-2110","AFF3"
"hsa-miR-2110","AMIGO1"
"hsa-miR-2110","WARS2"
"hsa-miR-2110","SH3PXD2A"
"hsa-miR-2110","RBM20"
"hsa-miR-2110","VTI1A"
"hsa-miR-2110","USP12"
"hsa-miR-2110","LNX2"
"hsa-miR-2110","FREM2"
"hsa-miR-2110","ZNF585B"
"hsa-miR-2110","PRX"
"hsa-miR-2110","STRN4"
"hsa-miR-2110","ESRRG"
"hsa-miR-2110","KRT72"
"hsa-miR-2110","SP1"
"hsa-miR-2110","CBX5"
"hsa-miR-2110","PA2G4"
"hsa-miR-2110","SMARCC2"
"hsa-miR-2110","ANKRD52"
"hsa-miR-2110","LIN7A"
"hsa-miR-2110","CALN1"
"hsa-miR-2110","CLSTN2"
"hsa-miR-2110","SLC7A14"
"hsa-miR-2110","NAALADL2"
"hsa-miR-2110","USP13"
"hsa-miR-2110","MCTS1"
"hsa-miR-2110","SPRY3"
"hsa-miR-2110","ENTHD1"
"hsa-miR-2110","POLDIP3"
"hsa-miR-2110","TAB3"
"hsa-miR-2110","CYBB"
"hsa-miR-2110","MAOB"
"hsa-miR-2110","TRIB1"
"hsa-miR-2110","LRRC6"
"hsa-miR-2110","S100A14"
"hsa-miR-2110","GATAD2B"
"hsa-miR-2110","IGLON5"
"hsa-miR-2110","ZNF544"
"hsa-miR-2110","NRSN2"
"hsa-miR-2110","MORC2"
"hsa-miR-2110","CACNG2"
"hsa-miR-2110","BMS1"
"hsa-miR-2110","SSBP3"
"hsa-miR-2110","MTF2"
"hsa-miR-2110","ASIC1"
"hsa-miR-2110","NADK2"
"hsa-miR-2110","RICTOR"
"hsa-miR-2110","KIAA0040"
"hsa-miR-2110","FAM129A"
"hsa-miR-2110","PHLDA3"
"hsa-miR-2110","ATP2B4"
"hsa-miR-2110","AQP1"
"hsa-miR-2110","DLK1"
"hsa-miR-2110","ZDHHC3"
"hsa-miR-2110","GNAT1"
"hsa-miR-2110","HEMK1"
"hsa-miR-2110","PLEKHA2"
"hsa-miR-2110","YTHDC1"
"hsa-miR-2110","BMPR1B"
"hsa-miR-2110","PTPRU"
"hsa-miR-2110","RBBP4"
"hsa-miR-2110","AK2"
"hsa-miR-2110","GJB3"
"hsa-miR-2110","ZMYM4"
"hsa-miR-2110","AKIRIN1"
"hsa-miR-2110","WSCD2"
"hsa-miR-2110","NOS1"
"hsa-miR-2110","KSR2"
"hsa-miR-2110","FAM84A"
"hsa-miR-2110","CRIPT"
"hsa-miR-2110","CLHC1"
"hsa-miR-2110","ARHGAP25"
"hsa-miR-2110","MXD1"
"hsa-miR-2110","PILRB"
"hsa-miR-2110","SLC12A9"
"hsa-miR-2110","CEP41"
"hsa-miR-2110","WDR91"
"hsa-miR-2110","CREB3L2"
"hsa-miR-2110","HIPK2"
"hsa-miR-2110","BRAF"
"hsa-miR-2110","ZNF490"
"hsa-miR-2110","PRKACA"
"hsa-miR-2110","ZNF333"
"hsa-miR-2110","DTX4"
"hsa-miR-2110","FGB"
"hsa-miR-2110","TMEM144"
"hsa-miR-2110","ACSL1"
"hsa-miR-2110","ARHGAP26"
"hsa-miR-2110","SH3TC2"
"hsa-miR-2110","ATP2B2"
"hsa-miR-2110","ARPP21"
"hsa-miR-2110","XYLB"
"hsa-miR-2110","TRIM5"
"hsa-miR-2110","CAMK4"
"hsa-miR-2110","STARD4"
"hsa-miR-2110","SEMA6A"
"hsa-miR-2110","FHIT"
"hsa-miR-2110","ZBTB20"
"hsa-miR-2110","SPOCK2"
"hsa-miR-2110","KCNMA1"
"hsa-miR-2110","LCOR"
"hsa-miR-2110","BTRC"
"hsa-miR-2110","SHISA6"
"hsa-miR-2110","MED9"
"hsa-miR-2110","SLC6A4"
"hsa-miR-2110","ZBTB7A"
"hsa-miR-2110","CD209"
"hsa-miR-2110","ZNF562"
"hsa-miR-2110","S1PR2"
"hsa-miR-2110","HMGA1"
"hsa-miR-2110","C6orf106"
"hsa-miR-2110","BTBD9"
"hsa-miR-2110","GLP1R"
"hsa-miR-2110","TREM1"
"hsa-miR-2110","RWDD2A"
"hsa-miR-301a-5p","ITM2A"
"hsa-miR-301a-5p","SLC9A8"
"hsa-miR-301a-5p","SLC9A1"
"hsa-miR-301a-5p","GLIPR2"
"hsa-miR-301a-5p","NR6A1"
"hsa-miR-301a-5p","NOSTRIN"
"hsa-miR-301a-5p","G6PC2"
"hsa-miR-301a-5p","UBE2E3"
"hsa-miR-301a-5p","NAB1"
"hsa-miR-301a-5p","ASXL3"
"hsa-miR-301a-5p","CDH19"
"hsa-miR-301a-5p","PPP2R5C"
"hsa-miR-301a-5p","HNF1B"
"hsa-miR-301a-5p","RORA"
"hsa-miR-301a-5p","GOLGA6A"
"hsa-miR-301a-5p","TOM1L1"
"hsa-miR-301a-5p","FAM102B"
"hsa-miR-301a-5p","TUFT1"
"hsa-miR-301a-5p","ZNF268"
"hsa-miR-301a-5p","ATP8A2"
"hsa-miR-301a-5p","DCLK1"
"hsa-miR-301a-5p","PTPRB"
"hsa-miR-301a-5p","RABGEF1"
"hsa-miR-301a-5p","WWTR1"
"hsa-miR-301a-5p","FAM122C"
"hsa-miR-301a-5p","PHEX"
"hsa-miR-301a-5p","SHE"
"hsa-miR-301a-5p","VANGL2"
"hsa-miR-301a-5p","CD84"
"hsa-miR-301a-5p","ZNF772"
"hsa-miR-301a-5p","PITPNB"
"hsa-miR-301a-5p","SGMS1"
"hsa-miR-301a-5p","RAB3B"
"hsa-miR-301a-5p","DUSP27"
"hsa-miR-301a-5p","PLEKHA8"
"hsa-miR-301a-5p","ARID4A"
"hsa-miR-301a-5p","SNTG1"
"hsa-miR-301a-5p","UNC5C"
"hsa-miR-301a-5p","FABP3"
"hsa-miR-301a-5p","RBBP4"
"hsa-miR-301a-5p","AAK1"
"hsa-miR-301a-5p","PLXNA4"
"hsa-miR-301a-5p","UBE2L6"
"hsa-miR-301a-5p","SH3TC2"
"hsa-miR-301a-5p","SGCD"
"hsa-miR-301a-5p","ATG7"
"hsa-miR-301a-5p","NR2C2"
"hsa-miR-301a-5p","ADPRH"
"hsa-miR-301a-5p","LCOR"
"hsa-miR-301a-5p","AP2B1"
"hsa-miR-3184-3p","DIO2"
"hsa-miR-3184-3p","GRIN2A"
"hsa-miR-3184-3p","MAN2A2"
"hsa-miR-3184-3p","ERP44"
"hsa-miR-3184-3p","ZNF618"
"hsa-miR-3184-3p","PSMF1"
"hsa-miR-3184-3p","STK35"
"hsa-miR-3184-3p","PANK2"
"hsa-miR-3184-3p","BLCAP"
"hsa-miR-3184-3p","RBPJ"
"hsa-miR-3184-3p","GCNT2"
"hsa-miR-3184-3p","SOX4"
"hsa-miR-3184-3p","DCAF17"
"hsa-miR-3184-3p","SMAD2"
"hsa-miR-3184-3p","ZBTB7C"
"hsa-miR-3184-3p","SRCIN1"
"hsa-miR-3184-3p","GTF2A2"
"hsa-miR-3184-3p","CALML4"
"hsa-miR-3184-3p","NTRK3"
"hsa-miR-3184-3p","C17orf58"
"hsa-miR-3184-3p","OGT"
"hsa-miR-3184-3p","ZBTB44"
"hsa-miR-3184-3p","CD4"
"hsa-miR-3184-3p","KIAA1324"
"hsa-miR-3184-3p","GPR61"
"hsa-miR-3184-3p","HIPK1"
"hsa-miR-3184-3p","SNX27"
"hsa-miR-3184-3p","ITPRIP"
"hsa-miR-3184-3p","CASP7"
"hsa-miR-3184-3p","DGKH"
"hsa-miR-3184-3p","GPC6"
"hsa-miR-3184-3p","CS"
"hsa-miR-3184-3p","IL26"
"hsa-miR-3184-3p","SEMA3E"
"hsa-miR-3184-3p","BRCC3"
"hsa-miR-3184-3p","TEF"
"hsa-miR-3184-3p","RPS6KA3"
"hsa-miR-3184-3p","HHLA1"
"hsa-miR-3184-3p","UBAP2"
"hsa-miR-3184-3p","SDHC"
"hsa-miR-3184-3p","SEC14L2"
"hsa-miR-3184-3p","FAM107B"
"hsa-miR-3184-3p","MPP7"
"hsa-miR-3184-3p","BMS1"
"hsa-miR-3184-3p","RAB3B"
"hsa-miR-3184-3p","PDE4B"
"hsa-miR-3184-3p","RIMKLB"
"hsa-miR-3184-3p","ARNTL2"
"hsa-miR-3184-3p","IRAK4"
"hsa-miR-3184-3p","SGTB"
"hsa-miR-3184-3p","LMX1A"
"hsa-miR-3184-3p","ADCYAP1R1"
"hsa-miR-3184-3p","PLEKHH1"
"hsa-miR-3184-3p","CDC25A"
"hsa-miR-3184-3p","KLHL8"
"hsa-miR-3184-3p","GPR63"
"hsa-miR-3184-3p","VNN2"
"hsa-miR-3184-3p","AGO1"
"hsa-miR-3184-3p","MED13L"
"hsa-miR-3184-3p","KSR2"
"hsa-miR-3184-3p","PEX13"
"hsa-miR-3184-3p","PIK3CG"
"hsa-miR-3184-3p","CNOT4"
"hsa-miR-3184-3p","CHRM2"
"hsa-miR-3184-3p","TTC26"
"hsa-miR-3184-3p","ZFP14"
"hsa-miR-3184-3p","FGF2"
"hsa-miR-3184-3p","ENPP6"
"hsa-miR-3184-3p","ARHGAP26"
"hsa-miR-3184-3p","RAB5A"
"hsa-miR-3184-3p","EPM2AIP1"
"hsa-miR-3184-3p","ZBTB20"
"hsa-miR-3184-3p","DDX21"
"hsa-miR-3184-3p","SAMD8"
"hsa-miR-3184-3p","DHRS7B"
"hsa-miR-3184-3p","NUFIP2"
"hsa-miR-323b-3p","SMC6"
"hsa-miR-323b-3p","CLDN7"
"hsa-miR-323b-3p","PTAR1"
"hsa-miR-323b-3p","SMIM13"
"hsa-miR-323b-3p","GOLGA8M"
"hsa-miR-323b-3p","GOLGA8K"
"hsa-miR-323b-3p","GOLGA8O"
"hsa-miR-323b-3p","GOLGA8N"
"hsa-miR-323b-3p","NEO1"
"hsa-miR-323b-3p","ZC4H2"
"hsa-miR-323b-3p","PDXDC1"
"hsa-miR-323b-3p","TP53RK"
"hsa-miR-323b-3p","MOCS3"
"hsa-miR-323b-3p","INPP5F"
"hsa-miR-323b-3p","TRIM68"
"hsa-miR-323b-3p","TFCP2"
"hsa-miR-323b-3p","CBX5"
"hsa-miR-323b-3p","NOVA1"
"hsa-miR-323b-3p","KLHL13"
"hsa-miR-323b-3p","FAM227A"
"hsa-miR-323b-3p","MAOA"
"hsa-miR-323b-3p","RFX3"
"hsa-miR-323b-3p","PTER"
"hsa-miR-323b-3p","SMARCD1"
"hsa-miR-323b-3p","CHN2"
"hsa-miR-323b-3p","GPATCH2L"
"hsa-miR-323b-3p","ZNF445"
"hsa-miR-323b-3p","GABRG1"
"hsa-miR-323b-3p","PDLIM5"
"hsa-miR-323b-3p","PPP1CB"
"hsa-miR-323b-3p","AP3S1"
"hsa-miR-323b-3p","ZC3H7A"
"hsa-miR-323b-3p","PMP22"
"hsa-miR-324-3p","KIF3B"
"hsa-miR-324-3p","METTL8"
"hsa-miR-324-3p","BCL2"
"hsa-miR-324-3p","RND2"
"hsa-miR-324-3p","PPP1R3B"
"hsa-miR-324-3p","FOXO4"
"hsa-miR-324-3p","DCTN5"
"hsa-miR-324-3p","OPA3"
"hsa-miR-324-3p","CBX5"
"hsa-miR-324-3p","MECP2"
"hsa-miR-324-3p","POLR3H"
"hsa-miR-324-3p","KIAA0930"
"hsa-miR-324-3p","SLC16A9"
"hsa-miR-324-3p","ARNTL2"
"hsa-miR-324-3p","POGK"
"hsa-miR-324-3p","ILDR2"
"hsa-miR-324-3p","PPIL6"
"hsa-miR-324-3p","MYCT1"
"hsa-miR-324-3p","WASF2"
"hsa-miR-324-3p","MLPH"
"hsa-miR-324-3p","CCDC174"
"hsa-miR-331-3p","FAM126A"
"hsa-miR-331-3p","ZNF609"
"hsa-miR-331-3p","RPP14"
"hsa-miR-331-3p","RNF144B"
"hsa-miR-331-3p","LOXHD1"
"hsa-miR-331-3p","NKIRAS2"
"hsa-miR-331-3p","ZNF652"
"hsa-miR-331-3p","FBXL19"
"hsa-miR-331-3p","ATOH8"
"hsa-miR-331-3p","PTGIR"
"hsa-miR-331-3p","KDELR1"
"hsa-miR-331-3p","HOXC4"
"hsa-miR-331-3p","ZBTB39"
"hsa-miR-331-3p","BCL2L2-PABPN1"
"hsa-miR-331-3p","PABPN1"
"hsa-miR-331-3p","CASK"
"hsa-miR-331-3p","CPSF2"
"hsa-miR-331-3p","MYRIP"
"hsa-miR-331-3p","GRIK3"
"hsa-miR-331-3p","B4GALT2"
"hsa-miR-331-3p","RIC8B"
"hsa-miR-331-3p","TPCN1"
"hsa-miR-331-3p","NACC1"
"hsa-miR-331-3p","ARHGEF37"
"hsa-miR-331-3p","TSPAN18"
"hsa-miR-331-3p","FGF11"
"hsa-miR-331-3p","KSR1"
"hsa-miR-331-3p","TRERF1"
"hsa-miR-369-5p","MACF1"
"hsa-miR-379-3p","ID4"
"hsa-miR-379-3p","SMAD4"
"hsa-miR-379-3p","BNC2"
"hsa-miR-379-3p","PLCXD3"
"hsa-miR-379-3p","FOXP2"
"hsa-miR-379-3p","HSPA4L"
"hsa-miR-379-3p","ING5"
"hsa-miR-379-3p","PHF21A"
"hsa-miR-379-5p","LPGAT1"
"hsa-miR-379-5p","FIGN"
"hsa-miR-379-5p","DYNC1LI2"
"hsa-miR-379-5p","SLC20A1"
"hsa-miR-379-5p","PCDH17"
"hsa-miR-379-5p","HGF"
"hsa-miR-379-5p","HTR2C"
"hsa-miR-379-5p","LIN28B"
"hsa-miR-379-5p","EIF4G2"
"hsa-miR-409-3p","L3MBTL3"
"hsa-miR-409-3p","UBE2N"
"hsa-miR-409-3p","NKX2-4"
"hsa-miR-409-3p","ONECUT2"
"hsa-miR-409-3p","KANSL1"
"hsa-miR-409-3p","CCND2"
"hsa-miR-409-3p","KLF12"
"hsa-miR-409-3p","MSRB3"
"hsa-miR-409-3p","CFL2"
"hsa-miR-409-3p","PHC3"
"hsa-miR-409-3p","LRP6"
"hsa-miR-409-3p","GPR85"
"hsa-miR-409-3p","ELF2"
"hsa-miR-409-3p","GAB1"
"hsa-miR-409-3p","LARP1"
"hsa-miR-409-3p","PDHX"
"hsa-miR-432-5p","TPGS2"
"hsa-miR-432-5p","GRIA2"
"hsa-miR-432-5p","EMX2"
"hsa-miR-432-5p","GDA"
"hsa-miR-432-5p","FANCC"
"hsa-miR-432-5p","PALM2"
"hsa-miR-432-5p","HSDL2"
"hsa-miR-432-5p","PLAGL2"
"hsa-miR-432-5p","KCNS1"
"hsa-miR-432-5p","SNX21"
"hsa-miR-432-5p","LPP"
"hsa-miR-432-5p","KIAA0232"
"hsa-miR-432-5p","SET"
"hsa-miR-432-5p","ABL1"
"hsa-miR-432-5p","LHX3"
"hsa-miR-432-5p","FKBP7"
"hsa-miR-432-5p","TFPI"
"hsa-miR-432-5p","COL5A2"
"hsa-miR-432-5p","ZNF521"
"hsa-miR-432-5p","POLI"
"hsa-miR-432-5p","CHAC1"
"hsa-miR-432-5p","MLLT6"
"hsa-miR-432-5p","GOSR2"
"hsa-miR-432-5p","TTLL6"
"hsa-miR-432-5p","SAMD14"
"hsa-miR-432-5p","EPHB2"
"hsa-miR-432-5p","STRADA"
"hsa-miR-432-5p","ARMC7"
"hsa-miR-432-5p","SHROOM4"
"hsa-miR-432-5p","BACE1"
"hsa-miR-432-5p","CBL"
"hsa-miR-432-5p","USP2"
"hsa-miR-432-5p","DCPS"
"hsa-miR-432-5p","THUMPD1"
"hsa-miR-432-5p","PRKCB"
"hsa-miR-432-5p","CD2BP2"
"hsa-miR-432-5p","CX3CL1"
"hsa-miR-432-5p","POU3F3"
"hsa-miR-432-5p","MAN1A2"
"hsa-miR-432-5p","PLEKHA1"
"hsa-miR-432-5p","MBNL2"
"hsa-miR-432-5p","SPRED3"
"hsa-miR-432-5p","AXL"
"hsa-miR-432-5p","POU2F2"
"hsa-miR-432-5p","CRX"
"hsa-miR-432-5p","NFAT5"
"hsa-miR-432-5p","WWP2"
"hsa-miR-432-5p","ZCCHC14"
"hsa-miR-432-5p","PDE1B"
"hsa-miR-432-5p","STAT2"
"hsa-miR-432-5p","TOX4"
"hsa-miR-432-5p","PDAP1"
"hsa-miR-432-5p","PPP2R3A"
"hsa-miR-432-5p","PIK3CB"
"hsa-miR-432-5p","PPM1L"
"hsa-miR-432-5p","PDGFB"
"hsa-miR-432-5p","KCNN3"
"hsa-miR-432-5p","PYGO2"
"hsa-miR-432-5p","NES"
"hsa-miR-432-5p","CACNG7"
"hsa-miR-432-5p","ZNF324B"
"hsa-miR-432-5p","KREMEN1"
"hsa-miR-432-5p","LARP4B"
"hsa-miR-432-5p","MPP7"
"hsa-miR-432-5p","MTRNR2L7"
"hsa-miR-432-5p","PIK3R3"
"hsa-miR-432-5p","IL12RB2"
"hsa-miR-432-5p","DEPDC1"
"hsa-miR-432-5p","KLRK1"
"hsa-miR-432-5p","SLC38A1"
"hsa-miR-432-5p","FMNL3"
"hsa-miR-432-5p","ANKH"
"hsa-miR-432-5p","GHR"
"hsa-miR-432-5p","RGS7BP"
"hsa-miR-432-5p","UCK2"
"hsa-miR-432-5p","GPR161"
"hsa-miR-432-5p","MRPS14"
"hsa-miR-432-5p","NR5A2"
"hsa-miR-432-5p","MDM4"
"hsa-miR-432-5p","CD34"
"hsa-miR-432-5p","CREB5"
"hsa-miR-432-5p","PDE1C"
"hsa-miR-432-5p","DHRS7"
"hsa-miR-432-5p","ZNF621"
"hsa-miR-432-5p","SLC6A20"
"hsa-miR-432-5p","FAM107A"
"hsa-miR-432-5p","SLC4A4"
"hsa-miR-432-5p","ANTXR2"
"hsa-miR-432-5p","CCSER1"
"hsa-miR-432-5p","PNISR"
"hsa-miR-432-5p","SOGA3"
"hsa-miR-432-5p","SOCS5"
"hsa-miR-432-5p","AGK"
"hsa-miR-432-5p","CASP14"
"hsa-miR-432-5p","PRSS12"
"hsa-miR-432-5p","SH3TC2"
"hsa-miR-432-5p","PPARGC1B"
"hsa-miR-432-5p","SPTY2D1"
"hsa-miR-432-5p","TMCC1"
"hsa-miR-432-5p","ZMIZ1"
"hsa-miR-432-5p","FAS"
"hsa-miR-432-5p","HIF1AN"
"hsa-miR-432-5p","CDRT4"
"hsa-miR-432-5p","SLFN13"
"hsa-miR-432-5p","TBC1D22B"
"hsa-miR-432-5p","LRRC1"
"hsa-miR-4435","EXOSC3"
"hsa-miR-4435","ADTRP"
"hsa-miR-4435","C18orf54"
"hsa-miR-4435","TBX6"
"hsa-miR-4435","MEF2D"
"hsa-miR-4435","SLC24A4"
"hsa-miR-4435","TAOK3"
"hsa-miR-4435","ZBTB20"
"hsa-miR-4435","EPHB2"
"hsa-miR-4435","CXorf38"
"hsa-miR-4435","ZNF841"
"hsa-miR-4435","MYADM"
"hsa-miR-4435","DCAF10"
"hsa-miR-4435","TMEM252"
"hsa-miR-4435","FAM122A"
"hsa-miR-4435","CORO2A"
"hsa-miR-4435","ZNF483"
"hsa-miR-4435","SLC31A1"
"hsa-miR-4435","TMEM239"
"hsa-miR-4435","UBOX5"
"hsa-miR-4435","MAVS"
"hsa-miR-4435","SLC23A2"
"hsa-miR-4435","OTOR"
"hsa-miR-4435","DSTN"
"hsa-miR-4435","ZHX3"
"hsa-miR-4435","DGKG"
"hsa-miR-4435","CLNK"
"hsa-miR-4435","DCAF16"
"hsa-miR-4435","ANAPC4"
"hsa-miR-4435","TFAP2A"
"hsa-miR-4435","SLC17A4"
"hsa-miR-4435","BTN3A2"
"hsa-miR-4435","SETBP1"
"hsa-miR-4435","ST8SIA3"
"hsa-miR-4435","GOLGA6L6"
"hsa-miR-4435","GABRB3"
"hsa-miR-4435","PPIP5K1"
"hsa-miR-4435","WNT9B"
"hsa-miR-4435","PNPO"
"hsa-miR-4435","SKI"
"hsa-miR-4435","SZRD1"
"hsa-miR-4435","STC1"
"hsa-miR-4435","RBPMS2"
"hsa-miR-4435","PLEKHO2"
"hsa-miR-4435","MTMR4"
"hsa-miR-4435","WBP2"
"hsa-miR-4435","GRIPAP1"
"hsa-miR-4435","SHROOM4"
"hsa-miR-4435","IQSEC2"
"hsa-miR-4435","GNL3L"
"hsa-miR-4435","ATRX"
"hsa-miR-4435","BACE1"
"hsa-miR-4435","ETS1"
"hsa-miR-4435","IQSEC3"
"hsa-miR-4435","ERC1"
"hsa-miR-4435","DCUN1D3"
"hsa-miR-4435","QPRT"
"hsa-miR-4435","KCNB1"
"hsa-miR-4435","EMX1"
"hsa-miR-4435","RAB11FIP5"
"hsa-miR-4435","MAP4K4"
"hsa-miR-4435","CYB561D1"
"hsa-miR-4435","DRAM2"
"hsa-miR-4435","CTTNBP2NL"
"hsa-miR-4435","HTRA1"
"hsa-miR-4435","STK24"
"hsa-miR-4435","ZNF546"
"hsa-miR-4435","CKM"
"hsa-miR-4435","VASH2"
"hsa-miR-4435","IBA57"
"hsa-miR-4435","TPPP3"
"hsa-miR-4435","RANBP10"
"hsa-miR-4435","CDYL2"
"hsa-miR-4435","DTX3"
"hsa-miR-4435","POLM"
"hsa-miR-4435","CRCP"
"hsa-miR-4435","CALN1"
"hsa-miR-4435","CDK6"
"hsa-miR-4435","TFDP2"
"hsa-miR-4435","PCDH11Y"
"hsa-miR-4435","FAM227A"
"hsa-miR-4435","CACNA1I"
"hsa-miR-4435","DDX3X"
"hsa-miR-4435","KCNN3"
"hsa-miR-4435","PEA15"
"hsa-miR-4435","CD84"
"hsa-miR-4435","TOMM40L"
"hsa-miR-4435","PEX26"
"hsa-miR-4435","NMT2"
"hsa-miR-4435","MAPK8"
"hsa-miR-4435","NSUN4"
"hsa-miR-4435","RAB3B"
"hsa-miR-4435","ILDR2"
"hsa-miR-4435","GPR161"
"hsa-miR-4435","GLUL"
"hsa-miR-4435","ETNK2"
"hsa-miR-4435","STK17A"
"hsa-miR-4435","EFCAB11"
"hsa-miR-4435","PRIMA1"
"hsa-miR-4435","FYCO1"
"hsa-miR-4435","TM2D2"
"hsa-miR-4435","SDR16C5"
"hsa-miR-4435","FAM47E-STBD1"
"hsa-miR-4435","DAPP1"
"hsa-miR-4435","PPIL6"
"hsa-miR-4435","HBS1L"
"hsa-miR-4435","OPRM1"
"hsa-miR-4435","STMN1"
"hsa-miR-4435","STX12"
"hsa-miR-4435","SDC3"
"hsa-miR-4435","GRIK3"
"hsa-miR-4435","ANKS1B"
"hsa-miR-4435","NUAK1"
"hsa-miR-4435","TBX5"
"hsa-miR-4435","MLEC"
"hsa-miR-4435","SOS1"
"hsa-miR-4435","RHOQ"
"hsa-miR-4435","FAM71F2"
"hsa-miR-4435","TMEM213"
"hsa-miR-4435","CLEC5A"
"hsa-miR-4435","HAPLN4"
"hsa-miR-4435","ZNF101"
"hsa-miR-4435","RTN4RL2"
"hsa-miR-4435","MED19"
"hsa-miR-4435","TET2"
"hsa-miR-4435","NR3C1"
"hsa-miR-4435","TIGD6"
"hsa-miR-4435","CCDC69"
"hsa-miR-4435","TGFBR2"
"hsa-miR-4435","TPH1"
"hsa-miR-4435","KIAA1549L"
"hsa-miR-4435","CAPRIN1"
"hsa-miR-4435","MAN2A1"
"hsa-miR-4435","DNAJC18"
"hsa-miR-4435","SV2B"
"hsa-miR-4435","RHBDF1"
"hsa-miR-4435","GRIN2A"
"hsa-miR-4435","ATF7IP2"
"hsa-miR-4435","ZNF717"
"hsa-miR-4435","EPHA3"
"hsa-miR-4435","ARGFX"
"hsa-miR-4435","CNBP"
"hsa-miR-4435","EIF4EBP2"
"hsa-miR-4435","MMRN2"
"hsa-miR-4435","PDZD7"
"hsa-miR-4435","RPAIN"
"hsa-miR-4435","SHISA6"
"hsa-miR-4435","SLC6A4"
"hsa-miR-4435","RNF135"
"hsa-miR-4435","PSMD11"
"hsa-miR-4435","ZFR2"
"hsa-miR-4435","ZNF426"
"hsa-miR-4435","C6orf89"
"hsa-miR-4435","DAAM2"
"hsa-miR-4435","RIMS1"
"hsa-miR-485-5p","SEMA4D"
"hsa-miR-485-5p","SLC16A2"
"hsa-miR-485-5p","TSTD2"
"hsa-miR-485-5p","RNF24"
"hsa-miR-485-5p","TP53INP2"
"hsa-miR-485-5p","YWHAB"
"hsa-miR-485-5p","IGF2BP2"
"hsa-miR-485-5p","PPARGC1A"
"hsa-miR-485-5p","NELFE"
"hsa-miR-485-5p","LYPD6"
"hsa-miR-485-5p","SSH3"
"hsa-miR-485-5p","FRMD5"
"hsa-miR-485-5p","RAB8B"
"hsa-miR-485-5p","TMEM104"
"hsa-miR-485-5p","SLC25A53"
"hsa-miR-485-5p","PARP11"
"hsa-miR-485-5p","ZNF384"
"hsa-miR-485-5p","SMG1"
"hsa-miR-485-5p","ZNF512B"
"hsa-miR-485-5p","ATOH8"
"hsa-miR-485-5p","CELF3"
"hsa-miR-485-5p","FAM124A"
"hsa-miR-485-5p","CD3EAP"
"hsa-miR-485-5p","HIF3A"
"hsa-miR-485-5p","ARHGAP35"
"hsa-miR-485-5p","CDC42BPA"
"hsa-miR-485-5p","MBD6"
"hsa-miR-485-5p","MMP14"
"hsa-miR-485-5p","SUMF2"
"hsa-miR-485-5p","ST3GAL1"
"hsa-miR-485-5p","GLIS3"
"hsa-miR-485-5p","MLLT3"
"hsa-miR-485-5p","MEF2D"
"hsa-miR-485-5p","UPF2"
"hsa-miR-485-5p","ADCYAP1R1"
"hsa-miR-485-5p","PAPLN"
"hsa-miR-485-5p","ELMSAN1"
"hsa-miR-485-5p","YTHDC1"
"hsa-miR-485-5p","CEP85"
"hsa-miR-485-5p","WDTC1"
"hsa-miR-485-5p","TMEM120B"
"hsa-miR-485-5p","DNAJC5G"
"hsa-miR-485-5p","STX5"
"hsa-miR-485-5p","CAMK2A"
"hsa-miR-485-5p","SLC36A1"
"hsa-miR-485-5p","TRIM66"
"hsa-miR-485-5p","USP47"
"hsa-miR-485-5p","PHF21A"
"hsa-miR-485-5p","SEMA4G"
"hsa-miR-485-5p","ARHGEF15"
"hsa-miR-485-5p","TOM1L2"
"hsa-miR-485-5p","TAOK1"
"hsa-miR-485-5p","TMEM151B"
"hsa-miR-487a-5p","RNF38"
"hsa-miR-487a-5p","STX17"
"hsa-miR-487a-5p","PI4K2B"
"hsa-miR-487a-5p","KLHL5"
"hsa-miR-487a-5p","CACNB4"
"hsa-miR-487a-5p","FMN1"
"hsa-miR-487a-5p","SPRED1"
"hsa-miR-487a-5p","FBLIM1"
"hsa-miR-487a-5p","MSR1"
"hsa-miR-487a-5p","BRF2"
"hsa-miR-487a-5p","NEDD4"
"hsa-miR-487a-5p","MED13"
"hsa-miR-487a-5p","AR"
"hsa-miR-487a-5p","ZC3H6"
"hsa-miR-487a-5p","SLC16A4"
"hsa-miR-487a-5p","PRKAB2"
"hsa-miR-487a-5p","TRIM13"
"hsa-miR-487a-5p","TUBGCP3"
"hsa-miR-487a-5p","FXR1"
"hsa-miR-487a-5p","JOSD1"
"hsa-miR-487a-5p","TMEM65"
"hsa-miR-487a-5p","CACNB2"
"hsa-miR-487a-5p","ZNF33B"
"hsa-miR-487a-5p","ODF2L"
"hsa-miR-487a-5p","SEMA5A"
"hsa-miR-487a-5p","MIER3"
"hsa-miR-487a-5p","POU2F1"
"hsa-miR-487a-5p","TOR1AIP2"
"hsa-miR-487a-5p","GLUL"
"hsa-miR-487a-5p","ETV1"
"hsa-miR-487a-5p","SLC39A9"
"hsa-miR-487a-5p","AREL1"
"hsa-miR-487a-5p","CISD2"
"hsa-miR-487a-5p","SLC9A1"
"hsa-miR-487a-5p","SOCS5"
"hsa-miR-487a-5p","GPR37"
"hsa-miR-487a-5p","PLXNA4"
"hsa-miR-487a-5p","HIPK2"
"hsa-miR-487a-5p","SLC10A7"
"hsa-miR-487a-5p","PPARGC1B"
"hsa-miR-487a-5p","THRB"
"hsa-miR-487a-5p","MEF2C"
"hsa-miR-487a-5p","NAA50"
"hsa-miR-487b-3p","NRARP"
"hsa-miR-487b-3p","GLCCI1"
"hsa-miR-493-3p","HTR2A"
"hsa-miR-493-3p","PLAGL2"
"hsa-miR-493-3p","CDC27"
"hsa-miR-493-3p","POLR3D"
"hsa-miR-493-3p","VPS35"
"hsa-miR-493-3p","CIC"
"hsa-miR-493-3p","HNRNPU"
"hsa-miR-493-3p","NCKAP1L"
"hsa-miR-493-3p","MDGA2"
"hsa-miR-493-3p","SRSF11"
"hsa-miR-493-3p","QKI"
"hsa-miR-493-3p","KLHL18"
"hsa-miR-493-3p","STRN"
"hsa-miR-493-3p","AAK1"
"hsa-miR-493-3p","LSM11"
"hsa-miR-574-5p","SHISA9"
"hsa-miR-574-5p","KATNAL1"
"hsa-miR-574-5p","SCN8A"
"hsa-miR-574-5p","NAB2"
"hsa-miR-574-5p","CENPM"
"hsa-miR-574-5p","PRTFDC1"
"hsa-miR-574-5p","OTUB2"
"hsa-miR-574-5p","PRDM8"
"hsa-miR-574-5p","UNC5C"
"hsa-miR-574-5p","MYCBP"
"hsa-miR-574-5p","FAM84A"
"hsa-miR-574-5p","MKLN1"
"hsa-miR-574-5p","MEF2C"
"hsa-miR-574-5p","LAMP2"
"hsa-miR-574-5p","RALGAPB"
"hsa-miR-574-5p","AQP4"
"hsa-miR-574-5p","SMAD4"
"hsa-miR-574-5p","FBXL20"
"hsa-miR-574-5p","MPP2"
"hsa-miR-574-5p","ARID3B"
"hsa-miR-574-5p","CA10"
"hsa-miR-574-5p","UBE4A"
"hsa-miR-574-5p","LRTM2"
"hsa-miR-574-5p","ZSWIM1"
"hsa-miR-574-5p","SAMD9L"
"hsa-miR-574-5p","SLITRK3"
"hsa-miR-574-5p","SNAP29"
"hsa-miR-574-5p","CELF2"
"hsa-miR-574-5p","NMNAT2"
"hsa-miR-574-5p","GPNMB"
"hsa-miR-574-5p","FOXN3"
"hsa-miR-574-5p","NCDN"
"hsa-miR-574-5p","NOS1"
"hsa-miR-574-5p","MPEG1"
"hsa-miR-574-5p","CADM2"
"hsa-miR-574-5p","ZMIZ1"
"hsa-miR-574-5p","TNNI1"
"hsa-miR-574-5p","SEMA4D"
"hsa-miR-574-5p","PALM2"
"hsa-miR-574-5p","ATRN"
"hsa-miR-574-5p","DGKG"
"hsa-miR-574-5p","MASP1"
"hsa-miR-574-5p","FGF12"
"hsa-miR-574-5p","DCAF16"
"hsa-miR-574-5p","OLFML2A"
"hsa-miR-574-5p","GOLGA1"
"hsa-miR-574-5p","LMX1B"
"hsa-miR-574-5p","UCK1"
"hsa-miR-574-5p","GALNT3"
"hsa-miR-574-5p","SLC40A1"
"hsa-miR-574-5p","ONECUT2"
"hsa-miR-574-5p","CCBE1"
"hsa-miR-574-5p","CISD3"
"hsa-miR-574-5p","NEUROD2"
"hsa-miR-574-5p","KLHL11"
"hsa-miR-574-5p","EZH1"
"hsa-miR-574-5p","TMEM106A"
"hsa-miR-574-5p","LZIC"
"hsa-miR-574-5p","LDLRAD2"
"hsa-miR-574-5p","GIMAP6"
"hsa-miR-574-5p","PCM1"
"hsa-miR-574-5p","LGI3"
"hsa-miR-574-5p","FAM104B"
"hsa-miR-574-5p","TIRAP"
"hsa-miR-574-5p","NCK2"
"hsa-miR-574-5p","SLC5A7"
"hsa-miR-574-5p","NTNG1"
"hsa-miR-574-5p","ABLIM1"
"hsa-miR-574-5p","RIMBP2"
"hsa-miR-574-5p","CCDC169-SOHLH2"
"hsa-miR-574-5p","SOHLH2"
"hsa-miR-574-5p","AXL"
"hsa-miR-574-5p","HIF3A"
"hsa-miR-574-5p","LGALS8"
"hsa-miR-574-5p","HEATR1"
"hsa-miR-574-5p","CBFB"
"hsa-miR-574-5p","BIN2"
"hsa-miR-574-5p","CALCOCO1"
"hsa-miR-574-5p","USP15"
"hsa-miR-574-5p","L2HGDH"
"hsa-miR-574-5p","PAK3"
"hsa-miR-574-5p","CAPN6"
"hsa-miR-574-5p","SLC25A43"
"hsa-miR-574-5p","F9"
"hsa-miR-574-5p","IDH3G"
"hsa-miR-574-5p","TCF20"
"hsa-miR-574-5p","ZHX1"
"hsa-miR-574-5p","FAM49B"
"hsa-miR-574-5p","PHF20L1"
"hsa-miR-574-5p","SLC24A2"
"hsa-miR-574-5p","S100A7A"
"hsa-miR-574-5p","CD84"
"hsa-miR-574-5p","NEBL"
"hsa-miR-574-5p","GPBP1L1"
"hsa-miR-574-5p","RAB3B"
"hsa-miR-574-5p","RAVER2"
"hsa-miR-574-5p","ZZZ3"
"hsa-miR-574-5p","ZNF326"
"hsa-miR-574-5p","FMO2"
"hsa-miR-574-5p","NFASC"
"hsa-miR-574-5p","TMEM229B"
"hsa-miR-574-5p","MED6"
"hsa-miR-574-5p","CCDC88C"
"hsa-miR-574-5p","CCK"
"hsa-miR-574-5p","ZNF445"
"hsa-miR-574-5p","CCR3"
"hsa-miR-574-5p","TLR9"
"hsa-miR-574-5p","CSN3"
"hsa-miR-574-5p","TMEM150C"
"hsa-miR-574-5p","SLC39A8"
"hsa-miR-574-5p","SNX3"
"hsa-miR-574-5p","NKAIN1"
"hsa-miR-574-5p","CSMD2"
"hsa-miR-574-5p","ANO4"
"hsa-miR-574-5p","PRKAB1"
"hsa-miR-574-5p","OASL"
"hsa-miR-574-5p","CACNA1A"
"hsa-miR-574-5p","DNAJB1"
"hsa-miR-574-5p","USP38"
"hsa-miR-574-5p","SLC10A7"
"hsa-miR-574-5p","SPOCK3"
"hsa-miR-574-5p","PRELID2"
"hsa-miR-574-5p","RNF145"
"hsa-miR-574-5p","NSD1"
"hsa-miR-574-5p","IL5RA"
"hsa-miR-574-5p","DAZL"
"hsa-miR-574-5p","TBC1D5"
"hsa-miR-574-5p","ST8SIA4"
"hsa-miR-574-5p","RGMA"
"hsa-miR-574-5p","JMJD8"
"hsa-miR-574-5p","MEFV"
"hsa-miR-574-5p","GRIN2A"
"hsa-miR-574-5p","SEMA5B"
"hsa-miR-574-5p","TXNRD3"
"hsa-miR-574-5p","LRIT1"
"hsa-miR-574-5p","PCGF5"
"hsa-miR-574-5p","HPSE2"
"hsa-miR-574-5p","MIS12"
"hsa-miR-574-5p","FGF11"
"hsa-miR-574-5p","AKAP10"
"hsa-miR-574-5p","KCNJ12"
"hsa-miR-574-5p","FOXN1"
"hsa-miR-574-5p","NFIC"
"hsa-miR-597-3p","LETM2"
"hsa-miR-597-3p","IYD"
"hsa-miR-597-3p","BNIP2"
"hsa-miR-597-3p","STON2"
"hsa-miR-597-3p","PREPL"
"hsa-miR-597-3p","TIGIT"
"hsa-miR-597-3p","BIRC6"
"hsa-miR-597-3p","ZDHHC11"
"hsa-miR-597-3p","IGF1R"
"hsa-miR-597-3p","PSMF1"
"hsa-miR-597-3p","TMEM239"
"hsa-miR-597-3p","SLX4IP"
"hsa-miR-597-3p","BCL2L1"
"hsa-miR-597-3p","TP63"
"hsa-miR-597-3p","KLHL5"
"hsa-miR-597-3p","LHX6"
"hsa-miR-597-3p","GPSM1"
"hsa-miR-597-3p","TMEM203"
"hsa-miR-597-3p","ALDH5A1"
"hsa-miR-597-3p","TSN"
"hsa-miR-597-3p","MBD1"
"hsa-miR-597-3p","BCL2"
"hsa-miR-597-3p","SEMA6D"
"hsa-miR-597-3p","PIP4K2B"
"hsa-miR-597-3p","CBX1"
"hsa-miR-597-3p","VWA1"
"hsa-miR-597-3p","BIN3"
"hsa-miR-597-3p","FUT10"
"hsa-miR-597-3p","PRR11"
"hsa-miR-597-3p","RPS6KA6"
"hsa-miR-597-3p","CADM1"
"hsa-miR-597-3p","CDON"
"hsa-miR-597-3p","KCNJ5"
"hsa-miR-597-3p","DCUN1D3"
"hsa-miR-597-3p","SPN"
"hsa-miR-597-3p","MOCS3"
"hsa-miR-597-3p","GNAS"
"hsa-miR-597-3p","RWDD2B"
"hsa-miR-597-3p","PAX8"
"hsa-miR-597-3p","NRAS"
"hsa-miR-597-3p","RBM8A"
"hsa-miR-597-3p","CDC42SE1"
"hsa-miR-597-3p","VTI1A"
"hsa-miR-597-3p","FAM160B1"
"hsa-miR-597-3p","CHST15"
"hsa-miR-597-3p","FOXO1"
"hsa-miR-597-3p","DACH1"
"hsa-miR-597-3p","POU4F1"
"hsa-miR-597-3p","PSMC4"
"hsa-miR-597-3p","TRIM67"
"hsa-miR-597-3p","MTR"
"hsa-miR-597-3p","SMPD3"
"hsa-miR-597-3p","ACSF3"
"hsa-miR-597-3p","ACVRL1"
"hsa-miR-597-3p","NEUROD4"
"hsa-miR-597-3p","IKZF4"
"hsa-miR-597-3p","KLHDC2"
"hsa-miR-597-3p","GNG2"
"hsa-miR-597-3p","POLM"
"hsa-miR-597-3p","SEMA3E"
"hsa-miR-597-3p","CYP3A4"
"hsa-miR-597-3p","RAB6B"
"hsa-miR-597-3p","KIAA0930"
"hsa-miR-597-3p","WDYHV1"
"hsa-miR-597-3p","NFIB"
"hsa-miR-597-3p","CD1D"
"hsa-miR-597-3p","MICAL3"
"hsa-miR-597-3p","ARID5B"
"hsa-miR-597-3p","TRABD2B"
"hsa-miR-597-3p","LRRC8B"
"hsa-miR-597-3p","ARNTL2"
"hsa-miR-597-3p","MRPS14"
"hsa-miR-597-3p","TOR1AIP2"
"hsa-miR-597-3p","NMNAT2"
"hsa-miR-597-3p","NFASC"
"hsa-miR-597-3p","RAPGEF5"
"hsa-miR-597-3p","ATG14"
"hsa-miR-597-3p","EXOC5"
"hsa-miR-597-3p","SYNJ2BP"
"hsa-miR-597-3p","GPATCH2L"
"hsa-miR-597-3p","BTBD7"
"hsa-miR-597-3p","MOB1B"
"hsa-miR-597-3p","FAM47E-STBD1"
"hsa-miR-597-3p","SCD5"
"hsa-miR-597-3p","CDK19"
"hsa-miR-597-3p","CEP85L"
"hsa-miR-597-3p","FABP7"
"hsa-miR-597-3p","LDLRAP1"
"hsa-miR-597-3p","TCP11L2"
"hsa-miR-597-3p","SUPT7L"
"hsa-miR-597-3p","CALU"
"hsa-miR-597-3p","LRRC55"
"hsa-miR-597-3p","FADS1"
"hsa-miR-597-3p","GNPDA1"
"hsa-miR-597-3p","ITK"
"hsa-miR-597-3p","RBMS3"
"hsa-miR-597-3p","CTDSPL"
"hsa-miR-597-3p","RIC3"
"hsa-miR-597-3p","PIK3C2A"
"hsa-miR-597-3p","ELL2"
"hsa-miR-597-3p","SNCAIP"
"hsa-miR-597-3p","SAR1B"
"hsa-miR-597-3p","ADAMTS17"
"hsa-miR-597-3p","B4GALT4"
"hsa-miR-597-3p","UMPS"
"hsa-miR-597-3p","HERC4"
"hsa-miR-597-3p","C10orf105"
"hsa-miR-597-3p","ANAPC16"
"hsa-miR-597-3p","NUFIP2"
"hsa-miR-597-3p","RHBDL3"
"hsa-miR-597-3p","BRPF3"
"hsa-miR-597-3p","SRF"
"hsa-miR-636","STXBP4"
"hsa-miR-636","SLC39A1"
"hsa-miR-636","SSR3"
"hsa-miR-636","DPF3"
"hsa-miR-636","PALM2"
"hsa-miR-636","PTPRT"
"hsa-miR-636","SYS1"
"hsa-miR-636","FGF12"
"hsa-miR-636","LCORL"
"hsa-miR-636","PPARGC1A"
"hsa-miR-636","MVB12B"
"hsa-miR-636","DEK"
"hsa-miR-636","RND3"
"hsa-miR-636","GPD2"
"hsa-miR-636","METTL8"
"hsa-miR-636","MAFG"
"hsa-miR-636","ST8SIA5"
"hsa-miR-636","TCF4"
"hsa-miR-636","BAHD1"
"hsa-miR-636","SOCS7"
"hsa-miR-636","PCGF2"
"hsa-miR-636","LASP1"
"hsa-miR-636","RAPGEFL1"
"hsa-miR-636","ERRFI1"
"hsa-miR-636","SGCZ"
"hsa-miR-636","ZNF609"
"hsa-miR-636","SCAMP5"
"hsa-miR-636","SPAG9"
"hsa-miR-636","MSI2"
"hsa-miR-636","LRRC37A3"
"hsa-miR-636","SOCS3"
"hsa-miR-636","CHM"
"hsa-miR-636","TMEM25"
"hsa-miR-636","ARHGEF12"
"hsa-miR-636","TNFRSF1A"
"hsa-miR-636","KCNIP3"
"hsa-miR-636","CELSR2"
"hsa-miR-636","TBX15"
"hsa-miR-636","CALHM1"
"hsa-miR-636","SLK"
"hsa-miR-636","N4BP2L1"
"hsa-miR-636","LRCH1"
"hsa-miR-636","HS6ST3"
"hsa-miR-636","SPRED3"
"hsa-miR-636","C16orf70"
"hsa-miR-636","TRAPPC2L"
"hsa-miR-636","KRT85"
"hsa-miR-636","RNF41"
"hsa-miR-636","RBMS2"
"hsa-miR-636","SYT1"
"hsa-miR-636","VOPP1"
"hsa-miR-636","GTPBP10"
"hsa-miR-636","ZKSCAN1"
"hsa-miR-636","MSL2"
"hsa-miR-636","PHC3"
"hsa-miR-636","BCAP31"
"hsa-miR-636","AMELY"
"hsa-miR-636","CBX7"
"hsa-miR-636","TCF20"
"hsa-miR-636","AP1S2"
"hsa-miR-636","TXLNG"
"hsa-miR-636","RPS6KA3"
"hsa-miR-636","ZFX"
"hsa-miR-636","SEMA4A"
"hsa-miR-636","NCOA4"
"hsa-miR-636","SSPN"
"hsa-miR-636","IPO8"
"hsa-miR-636","CCNT1"
"hsa-miR-636","PRLR"
"hsa-miR-636","COL4A3BP"
"hsa-miR-636","POU2F1"
"hsa-miR-636","GPR161"
"hsa-miR-636","KIAA0040"
"hsa-miR-636","RASAL2"
"hsa-miR-636","ABL2"
"hsa-miR-636","GLUL"
"hsa-miR-636","ZBTB41"
"hsa-miR-636","MACC1"
"hsa-miR-636","PLEKHH1"
"hsa-miR-636","ZFYVE26"
"hsa-miR-636","PSEN1"
"hsa-miR-636","ISCA2"
"hsa-miR-636","JDP2"
"hsa-miR-636","SLC24A4"
"hsa-miR-636","ZMAT4"
"hsa-miR-636","FRYL"
"hsa-miR-636","CLOCK"
"hsa-miR-636","RASSF6"
"hsa-miR-636","CNOT6L"
"hsa-miR-636","EPHA7"
"hsa-miR-636","GPR63"
"hsa-miR-636","RCC1"
"hsa-miR-636","GRIK3"
"hsa-miR-636","NRXN1"
"hsa-miR-636","SPRED2"
"hsa-miR-636","AGFG2"
"hsa-miR-636","GPR85"
"hsa-miR-636","CALU"
"hsa-miR-636","PLXNA4"
"hsa-miR-636","UBN2"
"hsa-miR-636","NXF1"
"hsa-miR-636","SH3D19"
"hsa-miR-636","TUB"
"hsa-miR-636","UEVLD"
"hsa-miR-636","MITF"
"hsa-miR-636","TP53"
"hsa-miR-636","MKNK2"
"hsa-miR-636","ELOVL5"
"hsa-miR-654-5p","PSD3"
"hsa-miR-654-5p","ITPRIP"
"hsa-miR-654-5p","GATAD2B"
"hsa-miR-654-5p","ZNF587"
"hsa-miR-654-5p","ANTXR2"
"hsa-miR-654-5p","INPP5B"
"hsa-miR-654-5p","BDNF"
"hsa-miR-654-5p","ANKS1A"
"hsa-miR-654-5p","PBX3"
"hsa-miR-654-5p","NPAP1"
"hsa-miR-654-5p","DDX17"
"hsa-miR-654-5p","NTRK2"
"hsa-miR-654-5p","ZHX3"
"hsa-miR-654-5p","TOX2"
"hsa-miR-654-5p","WFDC8"
"hsa-miR-654-5p","AFAP1"
"hsa-miR-654-5p","SMIM14"
"hsa-miR-654-5p","LMX1B"
"hsa-miR-654-5p","RALGPS1"
"hsa-miR-654-5p","GTF3C4"
"hsa-miR-654-5p","BLOC1S5"
"hsa-miR-654-5p","TRIM26"
"hsa-miR-654-5p","PPT2"
"hsa-miR-654-5p","HLA-DQB2"
"hsa-miR-654-5p","AMER3"
"hsa-miR-654-5p","METTL8"
"hsa-miR-654-5p","NUDT8"
"hsa-miR-654-5p","TMEM241"
"hsa-miR-654-5p","SETBP1"
"hsa-miR-654-5p","NEDD4L"
"hsa-miR-654-5p","SERPINB8"
"hsa-miR-654-5p","MLLT6"
"hsa-miR-654-5p","FBXL20"
"hsa-miR-654-5p","WNK4"
"hsa-miR-654-5p","LSM12"
"hsa-miR-654-5p","ARHGAP27"
"hsa-miR-654-5p","SAMD14"
"hsa-miR-654-5p","MMEL1"
"hsa-miR-654-5p","CLCN6"
"hsa-miR-654-5p","KIF17"
"hsa-miR-654-5p","BMP1"
"hsa-miR-654-5p","STC1"
"hsa-miR-654-5p","CD276"
"hsa-miR-654-5p","DYNLL2"
"hsa-miR-654-5p","KCTD13"
"hsa-miR-654-5p","ZNF629"
"hsa-miR-654-5p","N4BP1"
"hsa-miR-654-5p","ZNF319"
"hsa-miR-654-5p","APCDD1L"
"hsa-miR-654-5p","TEX261"
"hsa-miR-654-5p","TMEM150A"
"hsa-miR-654-5p","CNNM3"
"hsa-miR-654-5p","AFF3"
"hsa-miR-654-5p","FAM53B"
"hsa-miR-654-5p","HIF3A"
"hsa-miR-654-5p","CALM3"
"hsa-miR-654-5p","GREB1"
"hsa-miR-654-5p","RANBP10"
"hsa-miR-654-5p","NFATC3"
"hsa-miR-654-5p","SMPD3"
"hsa-miR-654-5p","NFAT5"
"hsa-miR-654-5p","CBX5"
"hsa-miR-654-5p","SMARCC2"
"hsa-miR-654-5p","RNF41"
"hsa-miR-654-5p","PPM1H"
"hsa-miR-654-5p","ING1"
"hsa-miR-654-5p","SUPT16H"
"hsa-miR-654-5p","NME9"
"hsa-miR-654-5p","USP13"
"hsa-miR-654-5p","SLC6A8"
"hsa-miR-654-5p","SOX10"
"hsa-miR-654-5p","CBX7"
"hsa-miR-654-5p","SYNGR1"
"hsa-miR-654-5p","KIAA0930"
"hsa-miR-654-5p","PIM3"
"hsa-miR-654-5p","TSNARE1"
"hsa-miR-654-5p","MEX3A"
"hsa-miR-654-5p","MEF2D"
"hsa-miR-654-5p","SH2D1B"
"hsa-miR-654-5p","CLEC11A"
"hsa-miR-654-5p","ZNF418"
"hsa-miR-654-5p","PEX26"
"hsa-miR-654-5p","LIF"
"hsa-miR-654-5p","CISD1"
"hsa-miR-654-5p","NFIA"
"hsa-miR-654-5p","AK4"
"hsa-miR-654-5p","GSG1"
"hsa-miR-654-5p","TSPAN11"
"hsa-miR-654-5p","HDAC7"
"hsa-miR-654-5p","SUB1"
"hsa-miR-654-5p","POU2F1"
"hsa-miR-654-5p","CACNA1E"
"hsa-miR-654-5p","KIF21B"
"hsa-miR-654-5p","PLEKHA6"
"hsa-miR-654-5p","AVPR1B"
"hsa-miR-654-5p","PFKFB2"
"hsa-miR-654-5p","SLC24A4"
"hsa-miR-654-5p","DLK1"
"hsa-miR-654-5p","ZDHHC3"
"hsa-miR-654-5p","PTPN23"
"hsa-miR-654-5p","NICN1"
"hsa-miR-654-5p","HOOK3"
"hsa-miR-654-5p","BMP8A"
"hsa-miR-654-5p","C12orf73"
"hsa-miR-654-5p","SLC41A2"
"hsa-miR-654-5p","MSI1"
"hsa-miR-654-5p","MLEC"
"hsa-miR-654-5p","BCL7A"
"hsa-miR-654-5p","KIF3C"
"hsa-miR-654-5p","KHK"
"hsa-miR-654-5p","LRCH4"
"hsa-miR-654-5p","ORAI2"
"hsa-miR-654-5p","TMEM178B"
"hsa-miR-654-5p","ZNF490"
"hsa-miR-654-5p","PGPEP1"
"hsa-miR-654-5p","SLC25A42"
"hsa-miR-654-5p","SYT7"
"hsa-miR-654-5p","MRPL49"
"hsa-miR-654-5p","RAB1B"
"hsa-miR-654-5p","SH3D19"
"hsa-miR-654-5p","CAMK2A"
"hsa-miR-654-5p","ERGIC1"
"hsa-miR-654-5p","FLT4"
"hsa-miR-654-5p","TRIM5"
"hsa-miR-654-5p","PARVA"
"hsa-miR-654-5p","AP3S1"
"hsa-miR-654-5p","PRDM6"
"hsa-miR-654-5p","FCHSD1"
"hsa-miR-654-5p","ATF7IP2"
"hsa-miR-654-5p","CLEC16A"
"hsa-miR-654-5p","GTF2E1"
"hsa-miR-654-5p","MGLL"
"hsa-miR-654-5p","ISY1-RAB43"
"hsa-miR-654-5p","HPS1"
"hsa-miR-654-5p","KCTD11"
"hsa-miR-654-5p","GLP2R"
"hsa-miR-654-5p","TOM1L2"
"hsa-miR-654-5p","SPECC1"
"hsa-miR-654-5p","SEZ6"
"hsa-miR-654-5p","ZBTB7A"
"hsa-miR-654-5p","RAVER1"
"hsa-miR-654-5p","MDGA1"
"hsa-miR-654-5p","TMEM151B"
"hsa-miR-935","RORA"
"hsa-miR-935","SREK1IP1"
"hsa-miR-935","ZBTB20"
"hsa-miR-935","HOOK3"
"hsa-miR-935","TMOD2"
"hsa-miR-935","ZFAND5"
"hsa-miR-935","SCAI"
"hsa-miR-935","GCNT2"
"hsa-miR-935","GPR155"
"hsa-miR-935","VAPA"
"hsa-miR-935","RNMT"
"hsa-miR-935","ASXL3"
"hsa-miR-935","HDHD2"
"hsa-miR-935","DDX52"
"hsa-miR-935","GOSR2"
"hsa-miR-935","TANC2"
"hsa-miR-935","APOOL"
"hsa-miR-935","NAP1L4"
"hsa-miR-935","SYT14"
"hsa-miR-935","PROX1"
"hsa-miR-935","TRIM67"
"hsa-miR-935","SHMT2"
"hsa-miR-935","FGL2"
"hsa-miR-935","SENP2"
"hsa-miR-935","MECP2"
"hsa-miR-935","APOBEC3A"
"hsa-miR-935","XPNPEP3"
"hsa-miR-935","ETNK1"
"hsa-miR-935","LIFR"
"hsa-miR-935","POU2F1"
"hsa-miR-935","GPNMB"
"hsa-miR-935","WIPF3"
"hsa-miR-935","DIO2"
"hsa-miR-935","UBE2D3"
"hsa-miR-935","RFX6"
"hsa-miR-935","GJA1"
"hsa-miR-935","TRDN"
"hsa-miR-935","HEY2"
"hsa-miR-935","YPEL5"
"hsa-miR-935","LRRC55"
"hsa-miR-935","RNF14"
"hsa-miR-935","PRMT3"
"hsa-miR-935","SLC1A2"
"hsa-miR-935","RBFOX1"
"hsa-miR-935","GSPT1"
"hsa-miR-935","GRAMD1C"
"hsa-miR-935","RTKN2"
"hsa-miR-935","ZNF365"
"hsa-miR-935","LCOR"
"hsa-miR-99b-3p","SLC2A8"
"hsa-miR-99b-3p","UCK1"
"hsa-miR-99b-3p","PHEX"
"hsa-miR-99b-3p","UCK2"
